{"0": [[75.8979780320574, 30.24043937830989], [75.8979780320574, 30.231429415897423], [75.91456738752615, 30.231429415897423], [75.91456738752615, 30.24043937830989]], "1": [[75.91456738752615, 30.24043937830989], [75.91456738752615, 30.231429415897423], [75.9311567429949, 30.231429415897423], [75.9311567429949, 30.24043937830989]], "2": [[75.9311567429949, 30.24043937830989], [75.9311567429949, 30.231429415897423], [75.94774609846365, 30.231429415897423], [75.94774609846365, 30.24043937830989]], "3": [[75.94774609846365, 30.24043937830989], [75.94774609846365, 30.231429415897423], [75.9643354539324, 30.231429415897423], [75.9643354539324, 30.24043937830989]], "4": [[75.9643354539324, 30.24043937830989], [75.9643354539324, 30.231429415897423], [75.98092480940116, 30.231429415897423], [75.98092480940116, 30.24043937830989]], "5": [[75.98092480940116, 30.24043937830989], [75.98092480940116, 30.231429415897423], [75.99751416486991, 30.231429415897423], [75.99751416486991, 30.24043937830989]], "6": [[75.99751416486991, 30.24043937830989], [75.99751416486991, 30.231429415897423], [76.01410352033867, 30.231429415897423], [76.01410352033867, 30.24043937830989]], "7": [[76.01410352033867, 30.24043937830989], [76.01410352033867, 30.231429415897423], [76.03069287580742, 30.231429415897423], [76.03069287580742, 30.24043937830989]], "8": [[76.03069287580742, 30.24043937830989], [76.03069287580742, 30.231429415897423], [76.04728223127617, 30.231429415897423], [76.04728223127617, 30.24043937830989]], "9": [[76.04728223127617, 30.24043937830989], [76.04728223127617, 30.231429415897423], [76.06387158674492, 30.231429415897423], [76.06387158674492, 30.24043937830989]], "10": [[76.06387158674492, 30.24043937830989], [76.06387158674492, 30.231429415897423], [76.08046094221368, 30.231429415897423], [76.08046094221368, 30.24043937830989]], "11": [[76.08046094221368, 30.24043937830989], [76.08046094221368, 30.231429415897423], [76.09705029768243, 30.231429415897423], [76.09705029768243, 30.24043937830989]], "12": [[76.09705029768243, 30.24043937830989], [76.09705029768243, 30.231429415897423], [76.11363965315118, 30.231429415897423], [76.11363965315118, 30.24043937830989]], "13": [[76.11363965315118, 30.24043937830989], [76.11363965315118, 30.231429415897423], [76.13022900861993, 30.231429415897423], [76.13022900861993, 30.24043937830989]], "14": [[76.13022900861993, 30.24043937830989], [76.13022900861993, 30.231429415897423], [76.14681836408869, 30.231429415897423], [76.14681836408869, 30.24043937830989]], "15": [[76.14681836408869, 30.24043937830989], [76.14681836408869, 30.231429415897423], [76.16340771955744, 30.231429415897423], [76.16340771955744, 30.24043937830989]], "16": [[76.16340771955744, 30.24043937830989], [76.16340771955744, 30.231429415897423], [76.1799970750262, 30.231429415897423], [76.1799970750262, 30.24043937830989]], "17": [[76.1799970750262, 30.24043937830989], [76.1799970750262, 30.231429415897423], [76.19658643049495, 30.231429415897423], [76.19658643049495, 30.24043937830989]], "18": [[76.19658643049495, 30.24043937830989], [76.19658643049495, 30.231429415897423], [76.2131757859637, 30.231429415897423], [76.2131757859637, 30.24043937830989]], "19": [[76.2131757859637, 30.24043937830989], [76.2131757859637, 30.231429415897423], [76.22976514143245, 30.231429415897423], [76.22976514143245, 30.24043937830989]], "20": [[76.22976514143245, 30.24043937830989], [76.22976514143245, 30.231429415897423], [76.2463544969012, 30.231429415897423], [76.2463544969012, 30.24043937830989]], "21": [[76.2463544969012, 30.24043937830989], [76.2463544969012, 30.231429415897423], [76.26294385236996, 30.231429415897423], [76.26294385236996, 30.24043937830989]], "22": [[76.26294385236996, 30.24043937830989], [76.26294385236996, 30.231429415897423], [76.27953320783871, 30.231429415897423], [76.27953320783871, 30.24043937830989]], "23": [[76.27953320783871, 30.24043937830989], [76.27953320783871, 30.231429415897423], [76.29612256330746, 30.231429415897423], [76.29612256330746, 30.24043937830989]], "24": [[76.29612256330746, 30.24043937830989], [76.29612256330746, 30.231429415897423], [76.31271191877622, 30.231429415897423], [76.31271191877622, 30.24043937830989]], "25": [[76.31271191877622, 30.24043937830989], [76.31271191877622, 30.231429415897423], [76.32930127424497, 30.231429415897423], [76.32930127424497, 30.24043937830989]], "26": [[76.32930127424497, 30.24043937830989], [76.32930127424497, 30.231429415897423], [76.34589062971372, 30.231429415897423], [76.34589062971372, 30.24043937830989]], "27": [[76.34589062971372, 30.24043937830989], [76.34589062971372, 30.231429415897423], [76.36247998518247, 30.231429415897423], [76.36247998518247, 30.24043937830989]], "28": [[76.36247998518247, 30.24043937830989], [76.36247998518247, 30.231429415897423], [76.37906934065123, 30.231429415897423], [76.37906934065123, 30.24043937830989]], "29": [[76.37906934065123, 30.24043937830989], [76.37906934065123, 30.231429415897423], [76.39565869611998, 30.231429415897423], [76.39565869611998, 30.24043937830989]], "30": [[76.39565869611998, 30.24043937830989], [76.39565869611998, 30.231429415897423], [76.41224805158873, 30.231429415897423], [76.41224805158873, 30.24043937830989]], "31": [[76.41224805158873, 30.24043937830989], [76.41224805158873, 30.231429415897423], [76.42883740705749, 30.231429415897423], [76.42883740705749, 30.24043937830989]], "32": [[76.42883740705749, 30.24043937830989], [76.42883740705749, 30.231429415897423], [76.44542676252624, 30.231429415897423], [76.44542676252624, 30.24043937830989]], "33": [[76.44542676252624, 30.24043937830989], [76.44542676252624, 30.231429415897423], [76.46201611799499, 30.231429415897423], [76.46201611799499, 30.24043937830989]], "34": [[76.46201611799499, 30.24043937830989], [76.46201611799499, 30.231429415897423], [76.47860547346374, 30.231429415897423], [76.47860547346374, 30.24043937830989]], "35": [[76.47860547346374, 30.24043937830989], [76.47860547346374, 30.231429415897423], [76.4951948289325, 30.231429415897423], [76.4951948289325, 30.24043937830989]], "36": [[76.4951948289325, 30.24043937830989], [76.4951948289325, 30.231429415897423], [76.51178418440125, 30.231429415897423], [76.51178418440125, 30.24043937830989]], "37": [[76.51178418440125, 30.24043937830989], [76.51178418440125, 30.231429415897423], [76.52837353987, 30.231429415897423], [76.52837353987, 30.24043937830989]], "38": [[76.52837353987, 30.24043937830989], [76.52837353987, 30.231429415897423], [76.54496289533876, 30.231429415897423], [76.54496289533876, 30.24043937830989]], "39": [[76.54496289533876, 30.24043937830989], [76.54496289533876, 30.231429415897423], [76.56155225080751, 30.231429415897423], [76.56155225080751, 30.24043937830989]], "40": [[76.56155225080751, 30.24043937830989], [76.56155225080751, 30.231429415897423], [76.57814160627626, 30.231429415897423], [76.57814160627626, 30.24043937830989]], "41": [[76.57814160627626, 30.24043937830989], [76.57814160627626, 30.231429415897423], [76.59473096174501, 30.231429415897423], [76.59473096174501, 30.24043937830989]], "42": [[76.59473096174501, 30.24043937830989], [76.59473096174501, 30.231429415897423], [76.61132031721377, 30.231429415897423], [76.61132031721377, 30.24043937830989]], "43": [[76.61132031721377, 30.24043937830989], [76.61132031721377, 30.231429415897423], [76.62790967268252, 30.231429415897423], [76.62790967268252, 30.24043937830989]], "44": [[76.62790967268252, 30.24043937830989], [76.62790967268252, 30.231429415897423], [76.64449902815127, 30.231429415897423], [76.64449902815127, 30.24043937830989]], "45": [[76.64449902815127, 30.24043937830989], [76.64449902815127, 30.231429415897423], [76.66108838362003, 30.231429415897423], [76.66108838362003, 30.24043937830989]], "46": [[76.66108838362003, 30.24043937830989], [76.66108838362003, 30.231429415897423], [76.67767773908878, 30.231429415897423], [76.67767773908878, 30.24043937830989]],